{
  "project_info": {
    "project_number": "521830347034",
    "firebase_url": "https://cars-127da.firebaseio.com",
    "project_id": "cars-127da",
    "storage_bucket": "cars-127da.appspot.com"
  },
  "client": [
    {
      "client_info": {
        "mobilesdk_app_id": "1:521830347034:android:0fca682015782b5c597ca3",
        "android_client_info": {
          "package_name": "com.codeshot.cars"
        }
      },
      "oauth_client": [
        {
          "client_id": "521830347034-av6t4devjk7fe07q8h9le9gelsk5gjov.apps.googleusercontent.com",
          "client_type": 1,
          "android_info": {
            "package_name": "com.codeshot.cars",
            "certificate_hash": "30ab0f8ebe5db47651b3538469b952babf67a9e0"
          }
        },
        {
          "client_id": "521830347034-lspbfd888nqkm2moi9kchoc0vhakoqk8.apps.googleusercontent.com",
          "client_type": 3
        }
      ],
      "api_key": [
        {
          "current_key": "AIzaSyBsMlHu1BidUfoXBwNnzuUHLI3vJ-vL_ls"
        }
      ],
      "services": {
        "appinvite_service": {
          "other_platform_oauth_client": [
            {
              "client_id": "521830347034-lspbfd888nqkm2moi9kchoc0vhakoqk8.apps.googleusercontent.com",
              "client_type": 3
            }
          ]
        }
      }
    }
  ],
  "configuration_version": "1"
}